theta0,theta1
8008.322775345519,-4656.28247038255
